{
  "$dtid": "1b56984b-ac3c-4f3a-96e8-59802c407e59",
  "$etag": "128",
  "$metadata": {
    "$model": "dtmi:avl:passport:product:unit:battery;1"
  },
  "InternalResistance": 54.748494848044736,
  "BatchNumber": 88,
  "Co2Footprints": [
    {
      "Category": 4,
      "Description": "47d9311e-6dd6-4f37-88d7-2399242d387a",
      "DataCategory": 0,
      "DQRRating": 1.836393522892532,
      "Co2Footprint": 17.6856789332701
    },
    {
      "Category": 4,
      "Description": "47d9311e-6dd6-4f37-88d7-2399242d387a",
      "DataCategory": 0,
      "DQRRating": 1.836393522892532,
      "Co2Footprint": 17.6856789332701
    },
    {
      "Category": 4,
      "Description": "47d9311e-6dd6-4f37-88d7-2399242d387a",
      "DataCategory": 0,
      "DQRRating": 1.836393522892532,
      "Co2Footprint": 17.6856789332701
    }
  ],
  "ProductionDate": "2024-12-05T14:23:23.6511087Z",
  "SerialNumber": "1c549c63-683d-4c82-b4bb-5095f589fed0",
  "ProofState": 2,
  "ValidationState": 0,
  "Placement": 2,
  "QRCodeState": 1,
  "LifeCycleState": 4,
  "Name": "a0a9275b-0dbf-4dd1-b2c8-702c2158535c"
}